insert into Confirmed_User VALUES('admin', 'admin', 'admin', 'admin','admin@admin.admin','6970000000','1','0','0','0','0','0');

insert into Confirmed_User VALUES('test1','test1','test1','test1','test1@test.test','6970000000','0','1','1','1','0','0');
insert into Confirmed_User VALUES('test2','test2','test2','test2','test2@test.test','6970000000','0','1','1','1','1','0');
insert into Confirmed_User VALUES('test3','test3','test3','test3','test3@test.test','6970002223','0','1','1','0','1','0');
insert into Confirmed_User VALUES('test4','test4','test4','test4','test4@test.test','6970002224','0','1','0','1','1','0');
insert into Confirmed_User VALUES('test5','test5','test5','test5','test5@test.test','6970042224','0','0','0','1','1','0');
insert into Confirmed_User VALUES('test6','test6','test6','test6','test6@test.test','6970042224','0','1','1','0','0','0');
insert into Confirmed_User VALUES('test7','test7','test7','test7','test7@test.test','6970002224','0','0','0','0','0','1');

insert into Pending_User VALUES('test8','test8','test8','test8','test8@test.test','6970002224','0','1','0','0','0','0');
insert into Pending_User VALUES('test9','test9','test9','test9','test9@test.test','6970002224','0','0','1','0','0','0');

insert into Pending_User VALUES('test10','test10','test10','test10','test10@test.test','6970002224','0','0','0','1','0','0');

insert into Pending_User VALUES('test11','test11','test11','test11','test11@test.test','6970002224','0','0','0','0','1','0');
insert into Pending_User VALUES('test12','test12','test12','test12','test12@test.test','6970002224','0','1','1','0','0','0');

insert into Pending_User VALUES('test13','test13','test13','test13','test13@test.test','6970002224','0','0','0','1','1','0');

insert into Pending_User VALUES('test14','test14','test14','test14','test14@test.test','6970002224','0','0','0','0','0','1');





insert into Algorithm VALUES ('1','yes','yes');


insert into house_sale VALUES ('1', '140000', 'Igoumenitsa', '120', '0', '440', '2003', '1', '', 'test1', '20.297584533691406', '39.47860556892209', 'Price: 140000 euros, Area size: 120 squared meters in Igoumenitsa');

insert into house_sale VALUES ('2', '170000', 'Kalamata', '115', '0', '340', '2006', '1', '', 'test1', '22.115913033485413', '37.03188432873209', 'Price: 170000 euros, Area size: 115 squared meters in Kalamata');

insert into house_sale VALUES ('3', '100000', 'Athens', '95', '1', '410', '2001', '2', '', 'test1', '23.744373321533203', '38.004819966413194', 'Price: 100000 euros, Area size: 95 squared meters in Athens');

insert into house_sale VALUES ('4', '250000', 'Athens', '110', '0', '360', '2001', '1', '', 'test1', '23.727229982614517', '37.968628422740345', 'Price: 250000 euros, Area size: 110 squared meters in Athens');

insert into house_sale VALUES ('5', '120000', 'Athens', '80', '0', '290', '2000', '1', '', 'test1', '23.699934482574463', '38.00319680300937', 'Price: 120000 euros, area size: 80 squared meters in Athens');

insert into house_sale VALUES ('6', '130000', 'Barcelona', '70', '0', '390', '1999', '1', '', 'test1', '2.172718048095703', '41.40153558289846', 'Price: 130000 euros, Area size: 70 squared meters in Barcelona');

insert into house_sale VALUES ('7', '120000', 'Athens', '95', '0', '250', '2002', '1', '', 'test1', '23.75022053718567', '37.957462943135575', 'Price: 120000 euros, Area size: 95 squared meters in Athens');

insert into house_sale VALUES ('8', '90000', 'Athens', '75', '0', '290', '2002', '1', '', 'test1', '23.691372871398926', '37.96368875328558', 'Price: 90000 euros, Area size: 75 squared meters in Athens');

insert into house_sale VALUES ('9', '85000', 'Athens', '80', '0', '350', '2001', '1', '', 'test1', '23.707648515701294', '37.95177804684793', 'Price: 85000 euros, Area size:80 squared meters in Athens');

insert into house_sale VALUES ('10', '85000', 'Athens', '75', '0', '360', '2004', '1', '', 'test1', '23.7339448928833', '37.933366792504366', 'Price: 85000 euros, Area size: 75 squared meters in Athens');

insert into house_sale VALUES ('11', '84000', 'Athens', '76', '0', '260', '2001', '1', '', 'test1', '23.703185319900513', '37.98100996893789', 'Price: 84000 euros, Area size: 76 squared meters in Athens');

insert into house_sale VALUES ('12', '86000', 'Athens', '87', '0', '370', '2001', '1', '', 'test1', '23.7064790725708', '37.95177804684793', 'Price: 86000 euros, Area size: 87 squared meters in Athens');

insert into house_sale VALUES ('13', '120000', 'Athens', '85', '0', '270', '2001', '1', '', 'test1', '23.749866485595703', '37.96152331396616', 'Price: 120000 euros, Area size: 85 squared meters in Athens');

insert into house_sale VALUES ('14', '200000', 'Athens', '140', '1', '400', '2002', '2', '', 'test1', '23.81587564945221', '38.08971536116831', 'Price: 280000 euros, Area size: 140 squared meters in Athens');



insert into house_rent values('1', '450', 'Nea Smirni', '104', '0', '450', '2006', '1', '', 'test4', '23.710395097732544', '37.94148997332171', 'Price: 450 euros, Area size: 104 squared meters in Nea Smirni');

insert into house_rent values('2', '300', 'Tripolis', '75', '0', '300', '2000', '1', '', 'test4', '22.374526262283325', '37.50972584293751', 'Price: 300 euros, Area size: 75 squared meters in Tripolis');

insert into house_rent values('3', '290', 'Izmir', '78', '1', '500', '2003', '2', '', 'test4', '27.1561861038208', '38.40194908237825', 'Price: 290 euros, Area size: 78 squared meters in Izmir');

insert into house_rent values('4', '450', 'Napoli', '65', '0', '450', '2000', '1', '', 'test4', '14.269019365310669', '40.85407213565279', 'Price: 450 euros, Area size: 65 squared meters in Napoli');

insert into house_rent values('5', '650', 'Budapest', '65', '0', '670', '2005', '1', '', 'test4', '19.056220650672913', '47.48902099153865', 'Price: 650 euros, Area size: 65 squared meters in Budapest');

insert into house_rent values('6', '340', 'Larisa', '78', '1', '400', '2004', '2', '', 'test4', '22.4155855178833', '39.63530729658601', 'Price: 340 euros, Area size: 78 squared meters in Larisa');

insert into house_rent values('7', '400', 'Ioannina', '95', '1', '340', '2003', '2', '', 'test4', '20.838489532470703', '39.6437675734185', 'Price: 400 euros, Area size: 95 squared meters in Ioannina');

insert into house_rent values('8', '330', 'Larnaka', '75', '0', '340', '1999', '1', '', 'test1', '33.62392008304596', '34.912962495216966', 'Price: 330 euros, Area size: 75 squared meters in Larnaka');

insert into house_rent values('9', '380', 'Rethimno', '76', '0', '440', '2004', '1', '', 'test1', '24.47524443268776', '35.36469586817273', 'Price: 380 euros, Area size: 76 squared meters in Rethimno');

insert into house_rent values('10', '150', 'Burgas', '97', '1', '290', '2007', '2', '', 'test1', '27.47204303741455', '42.49539037815227', 'Price: 150 euros, Area size: 97 squared meters in Burgas');

insert into house_rent values('11', '340', 'Arta', '75', '0', '440', '2003', '1', '', 'test1', '20.98259925842285', '39.15349256868933', 'Price: 340 euros, Area size: 75 squared meters in Arta');

insert into house_rent values('12', '670', 'Arachova', '95', '1', '330', '2009', '2', '', 'test1', '22.58156195282936', '38.48026815108751', 'Price: 670 euros, Area size: 95 squared meters in Arachova'); 

insert into house_rent values('13', '540', 'Navplion', '103', '0', '450', '1999', '1', '', 'test1', '22.805305123329163', '37.56893645348315', 'Price: 540 euros, Area size: 103 squared meters in Navplion');
